Date,Total Sales,#Orders,Sessions,Retention Rate,Conversion
2019-01-01,€0.00,0,0,0%,0%
2019-01-02,€0.00,0,0,0%,0%
2019-01-03,€0.00,0,0,0%,0%
2019-01-04,€0.00,0,0,0%,0%
2019-01-05,€0.00,0,0,0%,0%
2019-01-06,€0.00,0,0,0%,0%
2019-01-07,€0.00,0,0,0%,0%
2019-01-08,€0.00,0,0,0%,0%
2019-01-09,€21.00,1,0,0%,0%
2019-01-10,€0.00,0,0,0%,0%
2019-01-11,€0.00,0,0,0%,0%
2019-01-12,€0.00,0,0,0%,0%
2019-01-13,€0.00,0,0,0%,0%
2019-01-14,€0.00,0,0,0%,0%
2019-01-15,€0.00,0,0,0%,0%
2019-01-16,€0.00,0,0,0%,0%
2019-01-17,€0.00,0,0,0%,0%
2019-01-18,€0.00,0,0,0%,0%
2019-01-19,€0.00,0,0,0%,0%
2019-01-20,€0.00,0,0,0%,0%
2019-01-21,€0.00,0,0,0%,0%
2019-01-22,€0.00,0,0,0%,0%
2019-01-23,€0.00,0,0,0%,0%
2019-01-24,€0.00,0,0,0%,0%
2019-01-25,€0.00,0,0,0%,0%
2019-01-26,€0.00,0,0,0%,0%
2019-01-27,€0.00,0,0,0%,0%
2019-01-28,€0.00,0,0,0%,0%
2019-01-29,€0.00,0,0,0%,0%
2019-01-30,€0.00,0,0,0%,0%
2019-01-31,€0.00,0,0,0%,0%
2019-02-01,€0.00,0,0,0%,0%
2019-02-02,€0.00,0,0,0%,0%
2019-02-03,€0.00,0,0,0%,0%
2019-02-04,€0.00,0,0,0%,0%
2019-02-05,€0.00,0,0,0%,0%
2019-02-06,€0.00,0,0,0%,0%
2019-02-07,€0.00,0,0,0%,0%
2019-02-08,€0.00,0,0,0%,0%
2019-02-09,€23.00,1,0,0%,0%
2019-02-10,€0.00,0,0,0%,0%
2019-02-11,€0.00,0,0,0%,0%
2019-02-12,€0.00,0,0,0%,0%
2019-02-13,€0.00,0,0,0%,0%
2019-02-14,€0.00,0,0,0%,0%
2019-02-15,€0.00,0,0,0%,0%
2019-02-16,€0.00,0,0,0%,0%
2019-02-17,€0.00,0,0,0%,0%
2019-02-18,€0.00,0,0,0%,0%
2019-02-19,€0.00,0,0,0%,0%
2019-02-20,€0.00,0,0,0%,0%
2019-02-21,€0.00,0,0,0%,0%
2019-02-22,€0.00,0,0,0%,0%
2019-02-23,€0.00,0,0,0%,0%
2019-02-24,€0.00,0,0,0%,0%
2019-02-25,€37.00,1,0,0%,0%
2019-02-26,€0.00,0,0,0%,0%
2019-02-27,€0.00,0,0,0%,0%
2019-02-28,€0.00,0,0,0%,0%
2019-03-01,€0.00,0,0,0%,0%
2019-03-02,€0.00,0,0,0%,0%
2019-03-03,€0.00,0,0,0%,0%
2019-03-04,€0.00,0,0,0%,0%
2019-03-05,€0.00,0,0,0%,0%
2019-03-06,€0.00,0,0,0%,0%
2019-03-07,€0.00,0,0,0%,0%
2019-03-08,€0.00,0,0,0%,0%
2019-03-09,€0.00,0,0,0%,0%
2019-03-10,€0.00,0,0,0%,0%
2019-03-11,€41.00,1,0,0%,0%
2019-03-12,€0.00,0,0,0%,0%
2019-03-13,€0.00,0,0,0%,0%
2019-03-14,€0.00,0,0,0%,0%
2019-03-15,€0.00,0,0,0%,0%
2019-03-16,€0.00,0,0,0%,0%
2019-03-17,€0.00,0,0,0%,0%
2019-03-18,€0.00,0,0,0%,0%
2019-03-19,€0.00,0,0,0%,0%
2019-03-20,€0.00,0,0,0%,0%
2019-03-21,€0.00,0,0,0%,0%
2019-03-22,€0.00,0,0,0%,0%
2019-03-23,€0.00,0,0,0%,0%
2019-03-24,€0.00,0,0,0%,0%
2019-03-25,€0.00,0,0,0%,0%
2019-03-26,€0.00,0,0,0%,0%
2019-03-27,€30.00,1,0,0%,0%
2019-03-28,€0.00,0,0,0%,0%
2019-03-29,€0.00,0,0,0%,0%
2019-03-30,€0.00,0,0,0%,0%
2019-03-31,€0.00,0,0,0%,0%
2019-04-01,€0.00,0,0,0%,0%
2019-04-02,€0.00,0,0,0%,0%
2019-04-03,€0.00,0,0,0%,0%
2019-04-04,€0.00,0,0,0%,0%
2019-04-05,€0.00,0,0,0%,0%
2019-04-06,€0.00,0,0,0%,0%
2019-04-07,€0.00,0,0,0%,0%
2019-04-08,€0.00,0,0,0%,0%
2019-04-09,€0.00,0,0,0%,0%
2019-04-10,€0.00,0,0,0%,0%
2019-04-11,€0.00,0,0,0%,0%
2019-04-12,€0.00,0,0,0%,0%
2019-04-13,€0.00,0,0,0%,0%
2019-04-14,€0.00,0,0,0%,0%
2019-04-15,€0.00,0,0,0%,0%
2019-04-16,€0.00,0,0,0%,0%
2019-04-17,€0.00,0,0,0%,0%
2019-04-18,€0.00,0,0,0%,0%
2019-04-19,€0.00,0,0,0%,0%
2019-04-20,€0.00,0,0,0%,0%
2019-04-21,€0.00,0,0,0%,0%
2019-04-22,€0.00,0,0,0%,0%
2019-04-23,€0.00,0,0,0%,0%
2019-04-24,€0.00,0,0,0%,0%
2019-04-25,€0.00,0,0,0%,0%
2019-04-26,€0.00,0,0,0%,0%
2019-04-27,€0.00,0,0,0%,0%
2019-04-28,€0.00,0,0,0%,0%
2019-04-29,€0.00,0,0,0%,0%
2019-04-30,€0.00,0,0,0%,0%
2019-05-01,€0.00,0,0,0%,0%
2019-05-02,€0.00,0,0,0%,0%
2019-05-03,€27.00,1,0,0%,0%
2019-05-04,€0.00,0,0,0%,0%
2019-05-05,€0.00,0,0,0%,0%
2019-05-06,€0.00,0,0,0%,0%
2019-05-07,€0.00,0,0,0%,0%
2019-05-08,€0.00,0,0,0%,0%
2019-05-09,€0.00,0,0,0%,0%
2019-05-10,€0.00,0,0,0%,0%
2019-05-11,€0.00,0,0,0%,0%
2019-05-12,€27.00,1,0,0%,0%
2019-05-13,€0.00,0,0,0%,0%
2019-05-14,€7.00,1,0,0%,0%
2019-05-15,€0.00,0,0,0%,0%
2019-05-16,€0.00,0,0,0%,0%
2019-05-17,€0.00,0,0,0%,0%
2019-05-18,€0.00,0,0,0%,0%
2019-05-19,€0.00,0,0,0%,0%
2019-05-20,€0.00,0,0,0%,0%
2019-05-21,€0.00,0,0,0%,0%
2019-05-22,€0.00,0,0,0%,0%
2019-05-23,€0.00,0,0,0%,0%
2019-05-24,€0.00,0,0,0%,0%
2019-05-25,€0.00,0,0,0%,0%
2019-05-26,€0.00,0,0,0%,0%
2019-05-27,€0.00,0,0,0%,0%
2019-05-28,€0.00,0,0,0%,0%
2019-05-29,€0.00,0,0,0%,0%
2019-05-30,€0.00,0,0,0%,0%
2019-05-31,€0.00,0,0,0%,0%
2019-06-01,€0.00,0,0,0%,0%
2019-06-02,€0.00,0,0,0%,0%
2019-06-03,€0.00,0,0,0%,0%
2019-06-04,€0.00,0,0,0%,0%
2019-06-05,€0.00,0,0,0%,0%
2019-06-06,€22.00,1,0,0%,0%
2019-06-07,€0.00,0,0,0%,0%
2019-06-08,€0.00,0,0,0%,0%
2019-06-09,€0.00,0,0,0%,0%
2019-06-10,€0.00,0,0,0%,0%
2019-06-11,€0.00,0,0,0%,0%
2019-06-12,€0.00,0,0,0%,0%
2019-06-13,€0.00,0,0,0%,0%
2019-06-14,€0.00,0,0,0%,0%
2019-06-15,€0.00,0,0,0%,0%
2019-06-16,€0.00,0,0,0%,0%
2019-06-17,€0.00,0,0,0%,0%
2019-06-18,€0.00,0,0,0%,0%
2019-06-19,€0.00,0,0,0%,0%
2019-06-20,€0.00,0,0,0%,0%
2019-06-21,€0.00,0,0,0%,0%
2019-06-22,€0.00,0,0,0%,0%
2019-06-23,€0.00,0,0,0%,0%
2019-06-24,€0.00,0,0,0%,0%
2019-06-25,€0.00,0,0,0%,0%
2019-06-26,€13.00,1,0,0%,0%
2019-06-27,€11.00,1,0,0%,0%
2019-06-28,€0.00,0,0,0%,0%
2019-06-29,€0.00,0,0,0%,0%
2019-06-30,€0.00,0,0,0%,0%
2019-07-01,€0.00,0,0,0%,0%
2019-07-02,€24.00,1,0,0%,0%
2019-07-03,€0.00,0,0,0%,0%
2019-07-04,€0.00,0,0,0%,0%
2019-07-05,€0.00,0,0,0%,0%
2019-07-06,€0.00,0,0,0%,0%
2019-07-07,€0.00,0,0,0%,0%
2019-07-08,€11.00,1,0,0%,0%
2019-07-09,€0.00,0,0,0%,0%
2019-07-10,€7.00,1,0,0%,0%
2019-07-11,€0.00,0,0,0%,0%
2019-07-12,€0.00,0,0,0%,0%
2019-07-13,€0.00,0,0,0%,0%
2019-07-14,€0.00,0,0,0%,0%
2019-07-15,€26.00,2,0,50%,0%
2019-07-16,€0.00,0,0,0%,0%
2019-07-17,€0.00,0,0,0%,0%
2019-07-18,€0.00,0,0,0%,0%
2019-07-19,€0.00,0,0,0%,0%
2019-07-20,€0.00,0,0,0%,0%
2019-07-21,€0.00,0,0,0%,0%
2019-07-22,€0.00,0,0,0%,0%
2019-07-23,€0.00,0,0,0%,0%
2019-07-24,€0.00,0,0,0%,0%
2019-07-25,€0.00,0,0,0%,0%
2019-07-26,€0.00,0,0,0%,0%
2019-07-27,€0.00,0,0,0%,0%
2019-07-28,€0.00,0,0,0%,0%
2019-07-29,€0.00,0,0,0%,0%
2019-07-30,€0.00,0,0,0%,0%
2019-07-31,€0.00,0,0,0%,0%
2019-08-01,€11.00,1,0,0%,0%
2019-08-02,€0.00,0,0,0%,0%
2019-08-03,€0.00,0,0,0%,0%
2019-08-04,€0.00,0,0,0%,0%
2019-08-05,€0.00,0,0,0%,0%
2019-08-06,€0.00,0,0,0%,0%
2019-08-07,€0.00,0,0,0%,0%
2019-08-08,€0.00,0,0,0%,0%
2019-08-09,€0.00,0,0,0%,0%
2019-08-10,€0.00,0,0,0%,0%
2019-08-11,€0.00,0,0,0%,0%
2019-08-12,€0.00,0,0,0%,0%
2019-08-13,€0.00,0,0,0%,0%
2019-08-14,€0.00,0,0,0%,0%
2019-08-15,€0.00,0,0,0%,0%
2019-08-16,€0.00,0,0,0%,0%
2019-08-17,€0.00,0,0,0%,0%
2019-08-18,€0.00,0,0,0%,0%
2019-08-19,€0.00,0,0,0%,0%
2019-08-20,€0.00,0,0,0%,0%
2019-08-21,€0.00,0,0,0%,0%
2019-08-22,€0.00,0,0,0%,0%
2019-08-23,€0.00,0,0,0%,0%
2019-08-24,€0.00,0,0,0%,0%
2019-08-25,€0.00,0,0,0%,0%
2019-08-26,€0.00,0,0,0%,0%
2019-08-27,€20.50,1,0,100%,0%
2019-08-28,€0.00,0,0,0%,0%
2019-08-29,€0.00,0,0,0%,0%
2019-08-30,€0.00,0,0,0%,0%
2019-08-31,€0.00,0,0,0%,0%
2019-09-01,€0.00,0,0,0%,0%
2019-09-02,€0.00,0,0,0%,0%
2019-09-03,€0.00,0,0,0%,0%
2019-09-04,€0.00,0,0,0%,0%
2019-09-05,€0.00,0,0,0%,0%
2019-09-06,€0.00,0,0,0%,0%
2019-09-07,€0.00,0,0,0%,0%
2019-09-08,€0.00,0,0,0%,0%
2019-09-09,€0.00,0,0,0%,0%
2019-09-10,€0.00,0,0,0%,0%
2019-09-11,€0.00,0,0,0%,0%
2019-09-12,€0.00,0,0,0%,0%
2019-09-13,€0.00,0,0,0%,0%
2019-09-14,€0.00,0,0,0%,0%
2019-09-15,€0.00,0,0,0%,0%
2019-09-16,€0.00,0,0,0%,0%
2019-09-17,€0.00,0,0,0%,0%
2019-09-18,€0.00,0,0,0%,0%
2019-09-19,€0.00,0,0,0%,0%
2019-09-20,€0.00,0,0,0%,0%
2019-09-21,€0.00,0,0,0%,0%
2019-09-22,€0.00,0,0,0%,0%
2019-09-23,€0.00,0,0,0%,0%
2019-09-24,€0.00,0,0,0%,0%
2019-09-25,€0.00,0,0,0%,0%
2019-09-26,€0.00,0,0,0%,0%
2019-09-27,€0.00,0,0,0%,0%
2019-09-28,€0.00,0,0,0%,0%
2019-09-29,€0.00,0,0,0%,0%
2019-09-30,€0.00,0,0,0%,0%
2019-10-01,€22.00,1,0,100%,0%
2019-10-02,€0.00,0,0,0%,0%
2019-10-03,€0.00,0,0,0%,0%
2019-10-04,€0.00,0,0,0%,0%
2019-10-05,€0.00,0,0,0%,0%
2019-10-06,€0.00,0,0,0%,0%
2019-10-07,€0.00,0,0,0%,0%
2019-10-08,€0.00,0,0,0%,0%
2019-10-09,€0.00,0,0,0%,0%
2019-10-10,€0.00,0,0,0%,0%
2019-10-11,€0.00,0,0,0%,0%
2019-10-12,€0.00,0,0,0%,0%
2019-10-13,€0.00,0,0,0%,0%
2019-10-14,€0.00,0,0,0%,0%
2019-10-15,€11.00,1,0,0%,0%
2019-10-16,€0.00,0,0,0%,0%
2019-10-17,€0.00,0,0,0%,0%
2019-10-18,€0.00,0,0,0%,0%
2019-10-19,€0.00,0,0,0%,0%
2019-10-20,€0.00,0,0,0%,0%
2019-10-21,€0.00,0,0,0%,0%
2019-10-22,€0.00,0,0,0%,0%
2019-10-23,€19.00,1,0,0%,0%
2019-10-24,€0.00,0,0,0%,0%
2019-10-25,€0.00,0,0,0%,0%
2019-10-26,€0.00,0,0,0%,0%
2019-10-27,€0.00,0,0,0%,0%
2019-10-28,€0.00,0,0,0%,0%
2019-10-29,€0.00,0,0,0%,0%
2019-10-30,€0.00,0,0,0%,0%
2019-10-31,€0.00,0,0,0%,0%
2019-11-01,€0.00,0,0,0%,0%
2019-11-02,€0.00,0,0,0%,0%
2019-11-03,€0.00,0,0,0%,0%
2019-11-04,€0.00,0,0,0%,0%
2019-11-05,€0.00,0,0,0%,0%
2019-11-06,€19.00,1,0,0%,0%
2019-11-07,€0.00,0,0,0%,0%
2019-11-08,€0.00,0,0,0%,0%
2019-11-09,€0.00,0,0,0%,0%
2019-11-10,€0.00,0,0,0%,0%
2019-11-11,€0.00,0,0,0%,0%
2019-11-12,€0.00,0,0,0%,0%
2019-11-13,€0.00,0,0,0%,0%
2019-11-14,€0.00,0,0,0%,0%
2019-11-15,€0.00,0,0,0%,0%
2019-11-16,€0.00,0,0,0%,0%
2019-11-17,€0.00,0,0,0%,0%
2019-11-18,€0.00,0,0,0%,0%
2019-11-19,€0.00,0,0,0%,0%
2019-11-20,€0.00,0,0,0%,0%
2019-11-21,€0.00,0,0,0%,0%
2019-11-22,€0.00,0,0,0%,0%
2019-11-23,€0.00,0,0,0%,0%
2019-11-24,€0.00,0,0,0%,0%
2019-11-25,€0.00,0,0,0%,0%
2019-11-26,€0.00,0,0,0%,0%
2019-11-27,€0.00,0,0,0%,0%
2019-11-28,€0.00,0,0,0%,0%
2019-11-29,€0.00,0,0,0%,0%
2019-11-30,€0.00,0,0,0%,0%
2019-12-01,€0.00,0,0,0%,0%
2019-12-02,€0.00,0,0,0%,0%
2019-12-03,€0.00,0,0,0%,0%
2019-12-04,€0.00,0,0,0%,0%
2019-12-05,€47.00,1,0,0%,0%
2019-12-06,€0.00,0,0,0%,0%
2019-12-07,€0.00,0,0,0%,0%
2019-12-08,€11.00,1,0,0%,0%
2019-12-09,€50.00,6,0,0%,0%
2019-12-10,€10.00,1,0,0%,0%
2019-12-11,€0.00,0,0,0%,0%
2019-12-12,€0.00,0,0,0%,0%
2019-12-13,€0.00,0,0,0%,0%
2019-12-14,€50.50,1,0,100%,0%
2019-12-15,€0.00,0,0,0%,0%
2019-12-16,€0.00,0,0,0%,0%
2019-12-17,€0.00,0,0,0%,0%
2019-12-18,€0.00,0,0,0%,0%
2019-12-19,€0.00,0,0,0%,0%
2019-12-20,€0.00,0,0,0%,0%
2019-12-21,€0.00,0,0,0%,0%
2019-12-22,€16.50,1,0,0%,0%
2019-12-23,€21.00,1,0,0%,0%
2019-12-24,€0.00,0,0,0%,0%
2019-12-25,€0.00,0,0,0%,0%
2019-12-26,€0.00,0,0,0%,0%
2019-12-27,€0.00,0,0,0%,0%
2019-12-28,€0.00,0,0,0%,0%
2019-12-29,€0.00,0,0,0%,0%
2019-12-30,€0.00,0,0,0%,0%
2019-12-31,€0.00,0,0,0%,0%
2020-01-01,€0.00,0,0,0%,0%
2020-01-02,€0.00,0,0,0%,0%
2020-01-03,€0.00,0,0,0%,0%
2020-01-04,€0.00,0,0,0%,0%
2020-01-05,€0.00,0,0,0%,0%
2020-01-06,€0.00,0,0,0%,0%
2020-01-07,€0.00,0,0,0%,0%
2020-01-08,€0.00,0,0,0%,0%
2020-01-09,€0.00,0,0,0%,0%
2020-01-10,€0.00,0,0,0%,0%
2020-01-11,€0.00,0,0,0%,0%
2020-01-12,€0.00,0,0,0%,0%
2020-01-13,€0.00,0,0,0%,0%
2020-01-14,€0.00,0,0,0%,0%
2020-01-15,€0.00,0,0,0%,0%
2020-01-16,€0.00,0,0,0%,0%
2020-01-17,€0.00,0,0,0%,0%
2020-01-18,€0.00,0,0,0%,0%
2020-01-19,€0.00,0,0,0%,0%
2020-01-20,€0.00,0,0,0%,0%
2020-01-21,€0.00,0,0,0%,0%
2020-01-22,€0.00,0,0,0%,0%
2020-01-23,€0.00,0,0,0%,0%
2020-01-24,€0.00,0,0,0%,0%
2020-01-25,€0.00,0,0,0%,0%
2020-01-26,€0.00,0,0,0%,0%
2020-01-27,€0.00,0,0,0%,0%
2020-01-28,€0.00,0,0,0%,0%
2020-01-29,€0.00,0,0,0%,0%
2020-01-30,€0.00,0,0,0%,0%
2020-01-31,€0.00,0,0,0%,0%
2020-02-01,€0.00,0,0,0%,0%
2020-02-02,€0.00,0,0,0%,0%
2020-02-03,€12.50,1,0,0%,0%
2020-02-04,€0.00,0,0,0%,0%
2020-02-05,€0.00,0,0,0%,0%
2020-02-06,€0.00,0,0,0%,0%
2020-02-07,€0.00,0,0,0%,0%
2020-02-08,€0.00,0,0,0%,0%
2020-02-09,€0.00,1,0,0%,0%
2020-02-10,€0.00,0,0,0%,0%
2020-02-11,€9.00,1,0,0%,0%
2020-02-12,€0.00,0,0,0%,0%
2020-02-13,€0.00,0,0,0%,0%
2020-02-14,€0.00,0,0,0%,0%
2020-02-15,€0.00,0,0,0%,0%
2020-02-16,€0.00,0,0,0%,0%
2020-02-17,€0.00,0,0,0%,0%
2020-02-18,€0.00,0,0,0%,0%
2020-02-19,€0.00,0,0,0%,0%
2020-02-20,€0.00,0,0,0%,0%
2020-02-21,€0.00,0,0,0%,0%
2020-02-22,€9.00,1,0,0%,0%
2020-02-23,€0.00,0,0,0%,0%
2020-02-24,€0.00,0,0,0%,0%
2020-02-25,€0.00,0,0,0%,0%
2020-02-26,€0.00,0,0,0%,0%
2020-02-27,€0.00,0,0,0%,0%
2020-02-28,€0.00,0,0,0%,0%
2020-02-29,€0.00,0,0,0%,0%
2020-03-01,€0.00,0,0,0%,0%
2020-03-02,€0.00,0,0,0%,0%
2020-03-03,€20.00,1,0,0%,0%
2020-03-04,€11.00,1,0,0%,0%
2020-03-05,€7.00,1,0,0%,0%
2020-03-06,€0.00,0,0,0%,0%
2020-03-07,€23.00,1,0,100%,0%
2020-03-08,€0.00,0,0,0%,0%
2020-03-09,€0.00,0,0,0%,0%
2020-03-10,€9.00,1,0,100%,0%
2020-03-11,€0.00,0,0,0%,0%
2020-03-12,€0.00,0,0,0%,0%
2020-03-13,€25.50,1,0,100%,0%
2020-03-14,€316.50,15,0,6.67%,0%
2020-03-15,€306.00,16,0,6.25%,0%
2020-03-16,€221.50,12,0,0%,0%
2020-03-17,€547.00,27,0,7.41%,0%
2020-03-18,€291.00,15,0,0%,0%
2020-03-19,€402.00,22,0,9.09%,0%
2020-03-20,€251.00,13,0,7.69%,0%
2020-03-21,€252.00,14,0,21.43%,0%
2020-03-22,€158.00,12,0,16.67%,0%
2020-03-23,€422.00,17,0,12.5%,0%
2020-03-24,€301.50,18,0,35.29%,0%
2020-03-25,€185.00,11,0,0%,0%
2020-03-26,€490.00,22,0,38.1%,0%
2020-03-27,€128.00,6,0,33.33%,0%
2020-03-28,€320.00,15,0,33.33%,0%
2020-03-29,€370.00,18,0,38.89%,0%
2020-03-30,€784.50,36,0,27.78%,0%
2020-03-31,€644.00,28,0,32.14%,0%
2020-04-01,€391.00,20,0,30%,0%
2020-04-02,€538.50,25,0,41.67%,0%
2020-04-03,€259.50,13,0,46.15%,0%
2020-04-04,€357.50,19,0,21.05%,0%
2020-04-05,€297.00,16,0,25%,0%
2020-04-06,€410.00,20,0,45%,0%
2020-04-07,€421.50,25,0,48%,0%
2020-04-08,€883.30,36,0,48.48%,0%
2020-04-09,€381.80,16,0,50%,0%
2020-04-10,€360.50,15,0,13.33%,0%
2020-04-11,€263.50,8,0,37.5%,0%
2020-04-12,€533.00,14,0,58.33%,0%
2020-04-13,€557.00,27,0,40.74%,0%
2020-04-14,€487.80,21,0,52.38%,0%
2020-04-15,€425.50,19,0,57.89%,0%
2020-04-16,€188.80,11,0,50%,0%
2020-04-17,€291.30,14,0,35.71%,0%
2020-04-18,€798.60,31,0,70.97%,0%
2020-04-19,€874.30,40,0,74.36%,0%
2020-04-20,€556.20,21,0,19.05%,0%
2020-04-21,€630.50,17,0,47.06%,0%
2020-04-22,€580.80,21,0,57.14%,0%
2020-04-23,€617.30,26,0,53.85%,0%
2020-04-24,€410.50,20,0,40%,0%
2020-04-25,€122.80,8,0,75%,0%
2020-04-26,€532.10,23,0,43.48%,0%
2020-04-27,€597.00,26,0,65.38%,0%
2020-04-28,€765.30,32,0,71.88%,0%
2020-04-29,€794.75,34,0,55.88%,0%
2020-04-30,€571.97,23,0,52.17%,0%
2020-05-01,€379.62,14,0,21.43%,0%
2020-05-02,€320.00,12,0,33.33%,0%
2020-05-03,€561.00,12,0,50%,0%
2020-05-04,"€1,458.10",69,0,59.42%,0%
2020-05-05,€283.05,16,0,31.25%,0%
2020-05-06,€527.90,31,0,67.74%,0%
2020-05-07,€605.80,26,0,42.31%,0%
2020-05-08,€595.90,31,0,70.97%,0%
2020-05-09,€297.95,10,0,30%,0%
2020-05-10,€91.50,5,0,60%,0%
2020-05-11,€679.92,34,0,59.38%,0%
2020-05-12,€322.15,12,0,41.67%,0%
2020-05-13,€417.80,19,40,63.16%,0%
2020-05-14,€619.70,31,21,66.67%,0%
2020-05-15,€702.95,33,20,56.25%,0%
2020-05-16,€266.85,13,22,61.54%,0%
2020-05-17,€339.55,12,21,50%,0%
2020-05-18,€383.60,21,32,76.19%,0%
2020-05-19,€621.20,22,20,77.27%,0%
2020-05-20,€521.55,25,6,75%,0%
2020-05-21,€378.70,20,11,85%,0%
2020-05-22,€310.85,17,25,82.35%,0%
2020-05-23,€305.50,10,21,70%,0%
2020-05-24,€266.50,7,22,71.43%,4.55%
2020-05-25,€350.95,18,14,55.56%,0%
2020-05-26,€434.50,18,20,55.56%,0%
2020-05-27,€187.70,8,25,75%,4%
2020-05-28,€508.05,22,42,72.73%,0%
2020-05-29,€941.80,37,460,78.38%,7.39%
2020-05-30,€370.55,15,161,73.33%,6.83%
2020-05-31,€231.80,8,130,87.5%,4.62%
2020-06-01,€502.80,19,291,57.89%,5.84%
2020-06-02,€589.75,23,376,73.91%,5.85%
2020-06-03,€291.10,14,309,35.71%,4.21%
2020-06-04,€167.30,9,253,55.56%,3.56%
2020-06-05,€323.63,18,261,55.56%,6.9%
2020-06-06,€348.35,6,173,66.67%,3.47%
2020-06-07,€214.75,10,223,40%,4.48%
2020-06-08,€330.75,17,262,52.94%,6.49%
2020-06-09,€499.80,18,281,38.89%,6.41%
2020-06-10,€413.55,15,261,46.67%,4.98%
2020-06-11,€506.15,18,262,44.44%,5.73%
2020-06-12,€482.15,18,260,72.22%,6.92%
2020-06-13,€190.80,8,195,75%,3.59%
2020-06-14,€117.65,4,150,50%,2%
2020-06-15,€281.60,14,193,42.86%,7.25%
2020-06-16,€462.21,20,317,80%,5.99%
2020-06-17,€537.69,22,244,77.27%,8.2%
2020-06-18,€910.37,28,280,71.43%,9.64%
2020-06-19,€333.91,14,175,71.43%,8%
2020-06-20,€57.15,1,215,0%,0.47%
2020-06-21,€98.00,4,140,25%,2.86%
2020-06-22,€322.63,14,251,71.43%,5.18%
2020-06-23,€205.30,9,149,66.67%,4.7%
2020-06-24,€172.45,7,129,42.86%,5.43%
2020-06-25,€218.85,8,182,71.43%,2.75%
2020-06-26,€757.55,28,230,82.14%,11.3%
2020-06-27,€100.30,5,124,40%,3.23%
2020-06-28,€56.50,3,175,66.67%,1.14%
2020-06-29,€336.50,17,195,64.71%,7.18%
2020-06-30,€610.20,22,232,72.73%,7.33%
2020-07-01,€463.50,17,267,58.82%,6.37%
2020-07-02,€400.28,15,272,86.67%,5.51%
2020-07-03,€613.60,11,161,54.55%,6.21%
2020-07-04,€108.00,4,140,25%,2.86%
2020-07-05,€73.50,4,154,25%,2.6%
2020-07-06,€344.50,7,217,71.43%,3.23%
2020-07-07,€431.60,15,294,46.67%,5.44%
2020-07-08,€358.98,9,232,66.67%,3.45%
2020-07-09,€204.30,7,179,85.71%,3.91%
2020-07-10,"€1,050.95",35,266,82.86%,11.65%
2020-07-11,€207.20,4,123,100%,2.44%
2020-07-12,€76.00,3,124,0%,2.42%
2020-07-13,€135.50,8,114,50%,7.02%
2020-07-14,€634.00,20,202,75%,9.9%
2020-07-15,€136.90,12,157,66.67%,7.01%
2020-07-16,€79.50,4,250,100%,1.2%
2020-07-17,€203.50,8,174,75%,5.17%
2020-07-18,€451.55,7,151,71.43%,2.65%
2020-07-19,€112.90,6,170,33.33%,3.53%
2020-07-20,€262.50,13,181,76.92%,6.63%
2020-07-21,€490.10,13,257,61.54%,5.06%
2020-07-22,€206.00,7,194,71.43%,3.09%
2020-07-23,€302.50,8,184,75%,4.35%
2020-07-24,€246.50,5,170,80%,2.94%
2020-07-25,€210.35,7,159,71.43%,3.14%
2020-07-26,€126.00,5,134,60%,2.99%
2020-07-27,€870.70,33,272,81.25%,9.56%
2020-07-28,€430.45,15,170,53.33%,8.24%
2020-07-29,€242.10,7,113,71.43%,4.42%
2020-07-30,€282.30,10,186,70%,5.38%
2020-07-31,€123.00,5,135,80%,2.96%
2020-08-01,€124.40,4,123,75%,1.63%
2020-08-02,€122.90,5,251,60%,1.99%
2020-08-03,€199.60,8,278,37.5%,2.52%
2020-08-04,€522.85,25,306,72%,7.84%
2020-08-05,€129.80,7,168,57.14%,4.17%
2020-08-06,€407.40,18,210,44.44%,7.62%
2020-08-07,€422.20,23,221,69.57%,10.86%
2020-08-08,€303.60,11,152,18.18%,6.58%
2020-08-09,€357.90,13,131,69.23%,8.4%
2020-08-10,€363.40,16,188,60%,7.98%
2020-08-11,€434.00,14,190,42.86%,7.37%
2020-08-12,€208.35,9,234,55.56%,3.85%
2020-08-13,€265.90,9,226,44.44%,3.98%
2020-08-14,€463.10,21,289,66.67%,6.92%
2020-08-15,€115.60,6,148,50%,3.38%
2020-08-16,€119.20,5,159,40%,3.14%
2020-08-17,€411.30,17,200,64.71%,7.5%
2020-08-18,€226.30,13,291,53.85%,4.47%
2020-08-19,€417.40,15,199,53.33%,7.04%
2020-08-20,€190.00,10,150,50%,7.33%
2020-08-21,€125.60,9,155,55.56%,3.87%
2020-08-22,€140.90,5,128,20%,3.91%
2020-08-23,€118.40,5,156,80%,3.21%
2020-08-24,€400.30,18,203,64.71%,8.37%
2020-08-25,€433.40,18,238,72.22%,7.14%
2020-08-26,€604.90,19,190,84.21%,6.84%
2020-08-27,€239.10,9,148,77.78%,5.41%
2020-08-28,€660.10,31,237,67.74%,12.66%
2020-08-29,€250.40,9,193,55.56%,4.66%
2020-08-30,€170.00,8,150,62.5%,5.33%
2020-08-31,€598.65,16,190,68.75%,8.42%
2020-09-01,€295.40,12,214,75%,5.61%
2020-09-02,€317.30,17,276,70.59%,5.07%
2020-09-03,€190.30,9,201,66.67%,4.48%
2020-09-04,€212.20,11,251,81.82%,3.98%
2020-09-05,€65.00,2,137,100%,0.73%
2020-09-06,€653.95,32,243,90%,12.35%
2020-09-07,€547.60,22,242,77.27%,7.85%
2020-09-08,€238.00,11,203,54.55%,3.94%
2020-09-09,€306.60,12,168,83.33%,7.14%
2020-09-10,€457.60,19,188,89.47%,9.04%
2020-09-11,€79.15,4,153,50%,2.61%
2020-09-12,€95.00,2,124,50%,0.81%
2020-09-13,€84.00,4,164,100%,1.83%
2020-09-14,€192.20,10,196,40%,4.08%
2020-09-15,€141.25,4,204,100%,1.96%
2020-09-16,€136.50,5,165,80%,3.03%
2020-09-17,€191.00,9,194,88.89%,4.64%
2020-09-18,€157.70,9,165,66.67%,4.24%
2020-09-19,€91.00,4,136,100%,2.94%
2020-09-20,€167.40,5,149,60%,3.36%
2020-09-21,€199.50,13,179,76.92%,7.26%
2020-09-22,€367.85,12,360,58.33%,3.06%
2020-09-23,€189.20,7,157,57.14%,3.18%
2020-09-24,€138.30,8,187,62.5%,3.74%
2020-09-25,€425.30,18,249,83.33%,5.22%
2020-09-26,€138.00,6,199,66.67%,2.51%
2020-09-27,€219.50,10,193,70%,4.66%
2020-09-28,€380.85,15,238,66.67%,5.46%
2020-09-29,"€1,161.30",34,335,76.47%,10.15%
2020-09-30,€159.00,9,246,66.67%,3.66%
2020-10-01,€574.80,16,216,75%,6.94%
2020-10-02,€257.45,12,149,83.33%,4.7%
2020-10-03,€80.00,3,146,100%,2.05%
2020-10-04,€185.50,8,164,75%,4.27%
2020-10-05,€463.30,22,191,59.09%,7.33%
2020-10-06,€435.40,18,156,72.22%,7.69%
2020-10-07,€659.30,12,151,66.67%,5.3%
2020-10-08,€132.20,7,169,71.43%,3.55%
2020-10-09,"€1,224.30",43,262,85.71%,14.5%
2020-10-10,€50.50,2,127,0%,1.57%
2020-10-11,€85.70,3,145,33.33%,2.07%
2020-10-12,€197.80,9,164,66.67%,4.27%
2020-10-13,€212.00,10,198,90%,4.55%
2020-10-14,€409.65,17,189,52.94%,7.41%
2020-10-15,€406.25,16,211,43.75%,6.16%
2020-10-16,€290.50,13,209,84.62%,5.26%
2020-10-17,€66.50,3,156,100%,1.92%
2020-10-18,€162.80,7,136,57.14%,4.41%
2020-10-19,€463.00,19,205,57.89%,7.8%
2020-10-20,€733.90,33,380,72.73%,7.37%
2020-10-21,€474.20,17,188,47.06%,7.45%
2020-10-22,€183.70,10,212,50%,3.77%
2020-10-23,€270.65,11,765,63.64%,1.05%
2020-10-24,€212.20,3,128,66.67%,2.34%
2020-10-25,€138.50,6,167,100%,1.2%
2020-10-26,€627.70,23,238,56.52%,7.98%
2020-10-27,€629.85,17,248,47.06%,6.05%
2020-10-28,€392.70,16,209,62.5%,7.18%
2020-10-29,€370.10,14,175,64.29%,7.43%
2020-10-30,€237.80,10,207,80%,4.35%
2020-10-31,€262.50,11,149,54.55%,7.38%
2020-11-01,€269.30,11,152,72.73%,5.92%
2020-11-02,€761.88,26,228,80.77%,10.53%
2020-11-03,€445.30,15,328,60%,4.27%
2020-11-04,€643.20,15,216,66.67%,5.56%
2020-11-05,€90.60,6,241,100%,2.49%
2020-11-06,€476.80,14,177,78.57%,7.34%
2020-11-07,€467.50,8,162,87.5%,4.32%
2020-11-08,€55.35,3,153,33.33%,1.96%
2020-11-09,€617.55,20,"1,237",65%,1.21%
2020-11-10,€430.25,15,819,53.33%,1.59%
2020-11-11,€555.50,23,278,60.87%,6.83%
2020-11-12,€366.60,15,264,80%,5.3%
2020-11-13,€275.10,14,228,85.71%,3.51%
2020-11-14,€220.60,8,261,37.5%,2.68%
2020-11-15,€416.85,18,229,72.22%,6.99%
2020-11-16,€675.40,21,258,61.9%,5.81%
2020-11-17,€314.05,13,245,53.85%,3.67%
2020-11-18,€408.10,15,224,71.43%,5.8%
2020-11-19,€701.65,12,252,58.33%,3.97%
2020-11-20,€309.10,11,177,72.73%,4.52%
2020-11-21,€84.30,3,183,100%,1.09%
2020-11-22,€248.30,7,160,71.43%,2.5%
2020-11-23,€356.95,17,310,56.25%,4.52%
2020-11-24,€682.00,13,201,92.31%,4.98%
2020-11-25,€425.68,13,389,84.62%,2.57%
2020-11-26,"€1,569.10",44,623,70.45%,5.94%
2020-11-27,"€1,148.23",34,491,41.18%,6.11%
2020-11-28,€578.00,17,335,58.82%,4.18%
2020-11-29,€481.50,13,226,23.08%,4.87%
2020-11-30,€428.00,16,304,56.25%,4.61%
2020-12-01,€666.00,17,386,76.47%,3.37%
2020-12-02,€347.50,10,236,44.44%,3.39%
2020-12-03,"€1,871.10",15,333,64.29%,2.4%
2020-12-04,€451.85,16,316,87.5%,4.43%
2020-12-05,€264.50,9,371,44.44%,2.16%
2020-12-06,€180.00,7,217,85.71%,2.76%
2020-12-07,€372.90,12,290,66.67%,3.45%
2020-12-08,€251.20,7,261,57.14%,2.68%
2020-12-09,€272.20,10,378,50%,2.65%
2020-12-10,€262.00,11,574,72.73%,1.92%
2020-12-11,"€1,016.20",30,377,83.33%,7.43%
2020-12-12,€284.50,7,289,71.43%,2.42%
2020-12-13,€645.80,16,350,56.25%,4.29%
2020-12-14,€713.00,20,429,50%,4.43%
2020-12-15,€523.35,14,414,78.57%,3.14%
2020-12-16,€554.50,18,315,70.59%,4.44%
2020-12-17,€625.70,9,234,33.33%,2.99%
2020-12-18,€684.28,17,249,52.94%,6.43%
2020-12-19,€324.95,12,281,50%,2.85%
2020-12-20,€378.50,8,314,100%,2.55%
2020-12-21,"€1,017.15",25,474,44%,4.85%
2020-12-22,€607.98,19,370,73.68%,3.78%
2020-12-23,€285.13,11,377,45.45%,2.92%
2020-12-24,€436.00,7,211,57.14%,2.37%
2020-12-25,€267.80,6,265,66.67%,0.75%
2020-12-26,€169.50,5,228,20%,0.88%
2020-12-27,€187.08,8,379,50%,1.58%
2020-12-28,€390.50,15,292,60%,4.11%
2020-12-29,€878.50,24,338,70.83%,5.92%
2020-12-30,€313.78,13,238,61.54%,4.2%
2020-12-31,€264.05,8,157,62.5%,1.91%
2021-01-01,€278.50,6,163,50%,3.07%
2021-01-02,€163.50,5,225,80%,1.78%
2021-01-03,€439.50,13,200,69.23%,4.5%
2021-01-04,€736.70,19,282,89.47%,5.32%
2021-01-05,€912.80,21,254,52.38%,6.69%
2021-01-06,€312.50,12,256,58.33%,3.52%
2021-01-07,€414.00,14,292,64.29%,4.11%
2021-01-08,€570.00,20,367,55%,5.18%
2021-01-09,€114.50,5,255,80%,1.18%
2021-01-10,€301.90,13,262,53.85%,3.44%
2021-01-11,€330.63,14,257,64.29%,3.89%
2021-01-12,€443.65,18,258,77.78%,5.43%
2021-01-13,€265.00,13,278,61.54%,3.6%
2021-01-14,€274.50,11,289,63.64%,3.81%
2021-01-15,€843.05,29,327,79.31%,7.34%
2021-01-16,€114.50,5,285,60%,0.7%
2021-01-17,€347.60,12,251,41.67%,3.98%
2021-01-18,€451.78,17,371,52.94%,4.04%
2021-01-19,€702.20,13,475,69.23%,2.11%
2021-01-20,€869.50,14,341,71.43%,3.81%
2021-01-21,€512.85,20,324,65%,4.32%
2021-01-22,€343.95,15,290,86.67%,4.14%
2021-01-23,€225.00,10,298,50%,2.68%
2021-01-24,€590.00,17,257,58.82%,3.11%
2021-01-25,€477.50,17,519,76.47%,2.12%
2021-01-26,€968.60,21,499,71.43%,4.01%
2021-01-27,€654.00,20,258,73.68%,5.81%
2021-01-28,€334.00,13,215,61.54%,2.79%
2021-01-29,"€2,166.90",59,535,83.05%,10.09%
2021-01-30,€183.58,9,191,66.67%,3.14%
2021-01-31,€230.50,10,187,80%,3.74%
2021-02-01,€473.42,19,367,73.68%,3.54%
2021-02-02,€312.00,12,302,75%,3.31%
2021-02-03,€334.00,12,347,66.67%,2.31%
2021-02-04,€413.50,14,462,71.43%,1.95%
2021-02-05,€266.50,10,370,90%,2.16%
2021-02-06,€405.80,13,657,30.77%,1.83%
2021-02-07,€293.00,12,946,33.33%,1.16%
2021-02-08,€655.20,22,"1,540",68.18%,1.23%
2021-02-09,€311.50,14,"1,074",71.43%,1.12%
2021-02-10,€556.00,23,817,69.57%,2.69%
2021-02-11,€461.68,16,617,81.25%,1.78%
2021-02-12,€208.00,9,481,66.67%,1.04%
2021-02-13,€19.00,1,437,0%,0%
2021-02-14,€249.05,9,445,33.33%,1.12%
2021-02-15,€540.80,22,495,59.09%,3.23%
2021-02-16,€328.95,13,445,76.92%,2.7%
2021-02-17,€468.55,15,398,66.67%,2.76%
2021-02-18,€744.10,23,384,56.52%,4.17%
2021-02-19,"€1,837.60",53,546,90.57%,8.24%
2021-02-20,€261.50,9,259,88.89%,2.32%
2021-02-21,€353.50,13,282,61.54%,3.9%
2021-02-22,€389.60,18,323,50%,4.33%
2021-02-23,€376.00,17,355,76.47%,3.66%
2021-02-24,€301.85,13,364,53.85%,2.2%
2021-02-25,€533.60,22,438,59.09%,4.11%
2021-02-26,€282.00,11,371,81.82%,2.43%
2021-02-27,€282.80,9,398,55.56%,1.76%
2021-02-28,€244.30,9,412,44.44%,1.94%
2021-03-01,€391.35,14,447,57.14%,2.24%
2021-03-02,€632.10,19,406,84.21%,3.45%
2021-03-03,€814.75,26,490,73.08%,4.69%
2021-03-04,€277.50,11,383,90.91%,2.09%
2021-03-05,€252.50,9,320,88.89%,2.5%
2021-03-06,€200.75,7,268,71.43%,1.87%
2021-03-07,"€1,070.90",44,500,90.91%,8%
2021-03-08,"€1,180.85",46,412,73.91%,10.19%
2021-03-09,€668.70,25,348,76%,4.89%
2021-03-10,€267.50,9,303,33.33%,2.97%
2021-03-11,€351.55,17,344,58.82%,3.78%
2021-03-12,€325.60,9,281,55.56%,2.49%
2021-03-13,€159.95,5,298,60%,1.34%
2021-03-14,€564.10,19,279,52.63%,6.09%
2021-03-15,€596.15,16,351,75%,3.7%
2021-03-16,€503.60,21,241,57.14%,6.64%
2021-03-17,€636.80,17,305,76.47%,4.26%
2021-03-18,€275.53,13,298,76.92%,3.36%
2021-03-19,€516.05,20,272,55%,6.62%
2021-03-20,€140.50,7,228,71.43%,1.75%
2021-03-21,€732.50,33,408,84.85%,7.84%
2021-03-22,€990.85,43,408,81.4%,8.82%
2021-03-23,€758.35,13,282,69.23%,3.55%
2021-03-24,€390.25,57,566,28.07%,8.83%
2021-03-25,€452.70,26,548,53.85%,3.83%
2021-03-26,€600.50,15,294,57.14%,3.74%
2021-03-27,€98.70,5,243,60%,1.65%
2021-03-28,€594.60,17,215,76.47%,3.26%
2021-03-29,€724.86,25,292,58.33%,6.16%
2021-03-30,"€1,452.94",45,406,82.22%,9.61%
2021-03-31,€487.67,18,226,66.67%,5.31%
2021-04-01,€447.05,13,240,53.85%,4.58%
2021-04-02,€538.00,12,238,66.67%,3.78%
2021-04-03,€226.73,7,204,33.33%,1.47%
2021-04-04,€260.84,8,216,37.5%,2.78%
2021-04-05,€352.99,12,281,50%,3.91%
2021-04-06,€680.59,28,447,82.14%,4.92%
2021-04-07,€979.89,20,393,60%,4.33%
2021-04-08,€576.07,19,372,57.89%,3.49%
2021-04-09,€264.75,12,332,66.67%,3.61%
2021-04-10,€327.98,10,363,40%,1.93%
2021-04-11,€438.43,17,634,58.82%,2.21%
2021-04-12,€535.09,21,519,61.9%,3.85%
2021-04-13,€534.14,21,472,42.86%,3.6%
2021-04-14,€699.09,23,456,60.87%,4.17%
2021-04-15,€680.52,28,389,35.71%,4.88%
2021-04-16,€287.89,14,334,71.43%,2.99%
2021-04-17,€872.66,20,310,45%,5.48%
2021-04-18,"€1,159.69",48,444,87.5%,8.11%
2021-04-19,"€1,262.14",57,490,71.43%,8.98%
2021-04-20,€766.76,27,432,85.19%,5.09%
2021-04-21,€616.57,23,432,39.13%,3.7%
2021-04-22,€413.68,14,403,42.86%,2.48%
2021-04-23,€393.15,13,317,69.23%,2.84%
2021-04-24,€606.51,15,355,26.67%,3.1%
2021-04-25,€455.03,20,391,50%,4.35%
2021-04-26,€984.42,39,438,53.85%,7.31%
2021-04-27,€576.93,24,450,66.67%,3.56%
2021-04-28,€732.41,31,487,54.84%,5.13%
2021-04-29,€643.92,14,373,71.43%,3.49%
2021-04-30,€323.77,15,325,53.33%,4%
2021-05-01,€383.55,15,344,73.33%,3.2%
2021-05-02,€416.35,16,276,50%,4.71%
2021-05-03,€804.14,32,574,40.63%,4.53%
2021-05-04,€663.15,25,514,60%,3.31%
2021-05-05,€907.38,30,629,66.67%,4.29%
2021-05-06,€476.26,18,529,66.67%,2.08%
2021-05-07,€380.28,16,448,50%,2.68%
2021-05-08,€445.71,11,425,45.45%,1.65%
2021-05-09,€566.88,25,554,68%,4.33%
2021-05-10,€892.16,38,617,70.27%,5.35%
2021-05-11,€793.26,17,638,58.82%,2.35%
2021-05-12,€453.03,17,635,47.06%,2.68%
2021-05-13,€835.84,28,633,50%,3.63%
2021-05-14,€332.66,11,450,63.64%,1.78%
2021-05-15,€142.28,8,"1,031",62.5%,0.48%
2021-05-16,€287.01,13,735,53.85%,1.5%
2021-05-17,€813.94,33,859,54.55%,3.38%
2021-05-18,€696.46,27,506,65.38%,4.15%
2021-05-19,€708.76,27,489,77.78%,4.29%
2021-05-20,€613.93,21,377,42.86%,5.04%
2021-05-21,€361.25,12,385,75%,2.08%
2021-05-22,€245.13,9,374,44.44%,1.6%
2021-05-23,€183.25,7,437,57.14%,0.92%
2021-05-24,€490.22,16,431,37.5%,3.25%
2021-05-25,"€2,008.96",90,699,81.11%,10.59%
2021-05-26,€570.34,30,434,58.62%,5.3%
2021-05-27,€634.04,25,467,60%,3.21%
2021-05-28,€303.06,13,417,69.23%,1.92%
2021-05-29,€94.55,5,274,40%,1.09%
2021-05-30,€364.06,9,332,44.44%,1.81%
2021-05-31,€895.49,29,378,62.07%,6.08%
2021-06-01,€614.71,20,426,70%,3.52%
2021-06-02,€393.14,16,429,56.25%,2.8%
2021-06-03,€470.46,16,423,62.5%,2.84%
2021-06-04,€196.00,8,312,62.5%,2.24%
2021-06-05,€272.65,10,260,80%,2.69%
2021-06-06,€931.28,38,363,76.32%,9.09%
2021-06-07,"€1,287.25",65,458,82.54%,11.14%
2021-06-08,€988.78,35,371,65.71%,7.28%
2021-06-09,€772.92,34,388,88.24%,6.96%
2021-06-10,€444.99,16,398,62.5%,2.51%
2021-06-11,"€1,256.23",18,371,61.11%,3.5%
2021-06-12,€130.78,6,200,83.33%,1%
2021-06-13,€277.25,10,214,60%,3.27%
2021-06-14,"€1,101.18",43,426,83.72%,6.81%
2021-06-15,€505.41,25,326,80%,5.83%
2021-06-16,€613.63,25,362,56%,5.25%
2021-06-17,€540.11,22,352,77.27%,4.55%
2021-06-18,€731.59,16,381,86.67%,3.15%
2021-06-19,€99.80,5,364,20%,1.1%
2021-06-20,€224.91,7,363,71.43%,1.1%
2021-06-21,"€1,373.58",51,537,80.39%,8.75%
2021-06-22,€634.10,27,381,81.48%,4.72%
2021-06-23,€491.08,17,455,52.94%,3.52%
2021-06-24,€348.00,12,341,83.33%,2.05%
2021-06-25,€232.50,15,343,66.67%,3.21%
2021-06-26,€288.88,12,195,83.33%,3.59%
2021-06-27,€231.88,8,176,50%,3.98%
2021-06-28,€437.10,20,249,70%,6.83%
2021-06-29,€587.58,17,328,70.59%,4.57%
2021-06-30,€376.50,18,227,61.11%,4.41%
2021-07-01,€818.48,24,286,66.67%,6.64%
2021-07-02,€122.00,7,224,100%,2.23%
2021-07-03,€19.50,3,155,100%,0.65%
2021-07-04,"€1,234.21",38,287,60.53%,12.54%
2021-07-05,"€1,221.31",50,388,82%,11.6%
2021-07-06,€816.06,28,308,75%,6.82%
2021-07-07,€691.51,25,321,56%,6.23%
2021-07-08,€334.24,15,278,40%,4.32%
2021-07-09,€223.91,9,276,66.67%,2.54%
2021-07-10,€78.70,5,169,60%,2.37%
2021-07-11,€143.15,7,187,42.86%,3.21%
2021-07-12,€584.90,21,253,61.9%,7.51%
2021-07-13,€615.48,25,279,76%,7.53%
2021-07-14,"€1,596.53",85,528,77.38%,14.02%
2021-07-15,€414.78,21,337,76.19%,4.75%
2021-07-16,€328.30,12,294,83.33%,3.06%
2021-07-17,€168.93,7,213,57.14%,2.35%
2021-07-18,€646.68,33,320,83.87%,8.44%
2021-07-19,€774.38,35,378,77.14%,7.41%
2021-07-20,€464.26,20,306,75%,4.58%
2021-07-21,€885.00,11,292,63.64%,2.74%
2021-07-22,€329.00,17,349,93.75%,2.58%
2021-07-23,€271.26,11,283,45.45%,3.53%
2021-07-24,€88.45,5,232,40%,0.86%
2021-07-25,€415.75,22,321,72.73%,5.92%
2021-07-26,"€1,204.76",45,390,72.73%,10.26%
2021-07-27,€365.65,18,314,61.11%,4.46%
2021-07-28,€569.78,21,310,80.95%,4.84%
2021-07-29,€245.40,10,270,80%,3.33%
2021-07-30,€219.56,10,266,50%,3.01%
2021-07-31,€150.20,8,264,62.5%,1.52%
2021-08-01,€159.90,8,241,50%,3.32%
2021-08-02,€479.00,23,282,69.57%,6.74%
2021-08-03,€192.60,7,351,57.14%,1.14%
2021-08-04,€222.55,10,301,90%,1.99%
2021-08-05,€685.63,24,324,58.33%,4.63%
2021-08-06,€477.30,18,308,66.67%,4.22%
2021-08-07,€365.00,14,261,57.14%,3.83%
2021-08-08,€422.60,17,342,76.47%,4.68%
2021-08-09,"€1,055.48",52,485,76.92%,10.1%
2021-08-10,€607.36,26,418,61.54%,5.26%
2021-08-11,€513.71,21,393,57.14%,4.58%
2021-08-12,€354.73,15,349,66.67%,3.44%
2021-08-13,€337.86,13,278,75%,3.24%
2021-08-14,€505.10,11,233,63.64%,4.72%
2021-08-15,€233.36,10,239,50%,3.77%
2021-08-16,€772.14,25,346,64%,6.07%
2021-08-17,€342.01,15,342,46.67%,4.09%
2021-08-18,€356.70,14,290,50%,4.14%
2021-08-19,€465.75,21,304,57.14%,4.93%
2021-08-20,€186.83,10,213,60%,4.23%
2021-08-21,€62.50,4,223,100%,0.9%
2021-08-22,€727.69,29,324,79.31%,8.64%
2021-08-23,€882.18,37,366,81.08%,8.47%
2021-08-24,€676.28,30,436,73.33%,5.96%
2021-08-25,€862.07,26,382,73.08%,4.45%
2021-08-26,"€3,579.33",133,"1,110",81.82%,10.63%
2021-08-27,"€1,016.20",48,495,63.83%,7.07%
2021-08-28,€850.13,36,410,38.89%,7.32%
2021-08-29,€949.45,36,452,58.33%,7.74%
2021-08-30,"€1,418.41",61,684,50.82%,7.46%
2021-08-31,"€1,280.40",55,636,54.55%,7.55%
2021-09-01,"€1,123.36",33,670,39.39%,3.73%
2021-09-02,€304.08,12,474,50%,2.11%
2021-09-03,€712.83,19,387,57.89%,2.84%
2021-09-04,€511.93,16,351,75%,2.56%
2021-09-05,€457.48,18,378,55.56%,3.17%
2021-09-06,"€1,142.48",33,548,66.67%,3.83%
2021-09-07,€684.72,23,529,65.22%,3.21%
2021-09-08,€658.87,24,426,45.83%,4.23%
2021-09-09,€381.28,18,399,61.11%,3.51%
2021-09-10,€302.80,12,334,66.67%,2.1%
2021-09-11,€289.80,11,374,72.73%,2.14%
2021-09-12,€660.35,38,433,81.58%,6.24%
2021-09-13,"€1,228.24",57,628,70.18%,7.48%
2021-09-14,€964.80,33,527,60.61%,4.93%
2021-09-15,€733.00,42,487,73.81%,7.19%
2021-09-16,"€1,075.29",23,430,60.87%,4.65%
2021-09-17,€507.16,13,270,46.15%,4.44%
